,State,County,POP2010,food_deserts,pop_in_des,perc_lila,n_tracts,urban_des,rural_des,n_urban,n_rural,des_percent,LowIncomeTracts,low_vehicle_tracts,total_housing_units,pop_in_group_housing,pop_LILA,state_pop_ratio,state_tract_ratio,cnty_obesity_pct_adj,cnty_dm_pct_adj,cnty_inactive_pct_adj,Adolescent_births,ABR,p_hs_edatt,PC_PHYS_R,DENTIST_R,PSYCH_R,PCT_HSPNC,PCT_WHITE,PCT_BLACK,PCT_ASIAN,PCT_AMIND_ESK,PCT_ISLANDER,PCT_MULTI,PCT_OTHER,PCT_65OVER,PCT_18_64,PCT_UNDR18,PCT_UNDER5,unemployment_rate,n_hospitals,mort_30_ami,mort_30_cabg,mort_30_copd,mort_30_hf,mort_30_pn,mort_30_stk,readm_30_ami,readm_30_cabg,readm_30_copd,readm_30_hf,readm_30_hip_knee,readm_30_hosp_wide,readm_30_pn,readm_30_stk,Chlamydia,Tuberculosis,Gonorrhea,HIV,senior_flu_deaths,Measles,Mumps,Pertussis,Rubella,varicella_hospitalizations,Salmonellosis,ecoli_hem,ecoli_nonhem,syphilis,botulism_dtfood,std,vaccine_dx,food_dx,opiods_rx_1000,opiods_greater_than_stateavg,MILK_PRICE10,SODA_PRICE10,MILK_SODA_PRICE10,PCH_FFR_07_12,FFR07,FFR12,pop2010_in_des
0,CA,Alameda,1510271,15,56082.0,0.0180317015536,360,15.0,0.0,354,6,0.0416666666667,153,53,545138,37442.0,27233,0.0405398825295,0.0448654037886,0.204,0.078,0.161,2765.0,0.1809375,0.857,2543.085625,1586.53375,18435.379375,0.20824375,0.5165875,0.1303,0.277825,0.01590625,0.01195625,0.04663125,0.099725,0.10795625,0.66281875,0.22920625,0.0653,0.0820853174603,168.0,0.138375,0.028,0.0778888888889,0.113555555556,0.114444444444,0.138111111111,0.17825,0.153,0.205777777778,0.226,0.0485714285714,0.154727272727,0.178777777778,0.1345,465.413160949,12.3818837811,127.394355053,15.6925478937,0.066213282252,0.132426564504,0.066213282252,28.8689910619,0.0,0.132426564504,17.0168135388,0.926985951528,0.264853129008,11.3886845473,0.0,619.888748443,41.6481545365,29.5973371666,557.2,0,1.122215,1.164422,0.8915755,8.90287769784,1112.0,1211,56082.0
1,CA,Alpine,1175,0,0.0,0.266287828135,1,0.0,0.0,0,1,0.0,0,0,497,24.0,313,3.15402745416e-05,0.000124626121635,0.232,0.077,0.173,0.0,0.0,0.81668627451,1176.0,0.0,0.0,0.0536,0.6896,0.0034,0.0408,0.2713,0.0,0.0451,0.04,0.0986,0.6403,0.2611,0.0944,0.116692307692,0.0,0.0,0.0,0.0,0.0,0.0,0.0,0.0,0.0,0.0,0.0,0.0,0.0,0.0,0.0,0.0,0.0,0.0,0.0,0.0,0.0,0.0,0.0,0.0,0.0,0.0,0.0,0.0,0.0,0.0,0.0,0.0,0.0,578.68,0,1.032918,1.089488,0.8770728,-50.0,2.0,1,
2,CA,Amador,38091,0,0.0,0.149514156711,9,0.0,0.0,0,9,0.0,2,2,14569,4551.0,5695,0.00102246859367,0.00112163509472,0.228,0.075,0.158,55.0,0.19,0.877,2341.85,3025.82666667,4560.5,0.0921333333333,0.944466666667,0.0108,0.0154666666667,0.0309,0.00363333333333,0.0401,0.0349,0.214533333333,0.6217,0.1638,0.0329333333333,0.1105625,14.0,0.153,0.0,0.087,0.124,0.125,0.171,0.0,0.0,0.206,0.219,0.049,0.15,0.157,0.114,186.395736526,2.62529206374,10.501168255,0.0,0.0,2.62529206374,0.0,10.501168255,0.0,0.0,7.87587619123,0.0,2.62529206374,2.62529206374,0.0,199.522196844,15.7517523825,13.1264603187,1244.76,1,1.032918,1.089488,0.8770728,-5.55555555556,18.0,17,
3,CA,Butte,220000,14,58979.0,0.145582960145,51,13.0,1.0,38,13,0.274509803922,32,13,87618,4942.0,32028,0.00590541310566,0.00635593220339,0.243,0.073,0.163,590.0,0.238875,0.861,861.2775,2532.1875,6141.97625,0.1328125,0.9034375,0.014,0.0362875,0.0429375,0.0060875,0.0495,0.0503875,0.15455,0.6151375,0.230325,0.0530375,0.112293577982,56.0,0.134333333333,0.032,0.0755,0.10375,0.10975,0.133666666667,0.165666666667,0.146,0.21625,0.22475,0.0543333333333,0.16225,0.17875,0.127666666667,364.545454545,0.909090909091,27.7272727273,2.27272727273,0.0,0.0,0.0,14.5454545455,0.0,0.454545454545,25.9090909091,1.36363636364,0.0,0.454545454545,0.0,395.0,15.9090909091,27.7272727273,1389.2,1,0.9964433,1.130546,0.8153738,2.68456375839,149.0,153,58979.0
4,CA,Calaveras,45578,0,0.0,0.203344568697,10,0.0,0.0,2,8,0.0,2,1,18886,493.0,9268,0.00122344053877,0.00124626121635,0.253,0.067,0.161,73.0,0.177,0.931,2190.19,2420.74,45994.0,0.0999,0.9392,0.0121,0.0168,0.0339,0.0015,0.0264,0.0237,0.2003,0.5992,0.2005,0.0414,0.08125,14.0,0.0,0.0,0.08,0.122,0.109,0.146,0.0,0.0,0.208,0.223,0.048,0.157,0.166,0.144,105.313967265,0.0,13.1642459081,2.19404098469,0.0,0.0,0.0,19.7463688622,0.0,0.0,8.77616393874,2.19404098469,0.0,0.0,0.0,120.672254158,19.7463688622,10.9702049234,1068.98,1,1.032918,1.089488,0.8770728,-7.40740740741,27.0,25,
5,CA,Colusa,21419,1,6055.0,0.127573726908,5,1.0,0.0,2,3,0.2,3,0,7056,225.0,2733,0.000574945651409,0.000623130608175,0.223,0.074,0.155,73.0,0.29625,0.687,2974.2275,3280.875,1927.5,0.49595,0.73255,0.01535,0.019925,0.03765,0.00545,0.046975,0.2402,0.11985,0.58805,0.292075,0.078625,0.14952173913,14.0,0.0,0.0,0.078,0.115,0.109,0.0,0.0,0.0,0.206,0.215,0.0,0.155,0.168,0.0,144.73131332,14.0062561277,0.0,0.0,0.0,0.0,0.0,51.3562724684,0.0,0.0,0.0,4.66875204258,0.0,0.0,0.0,144.73131332,65.3625285961,4.66875204258,836.42,1,1.032918,1.089488,0.8770728,-16.6666666667,12.0,10,6055.0
6,CA,Contra Costa,1049025,15,77910.0,0.0374765567536,207,15.0,0.0,202,5,0.0724637681159,65,30,375364,10314.0,39314,0.0281587544689,0.0257976071785,0.234,0.07,0.161,1894.0,0.167090909091,0.884,1972.29636364,1642.19727273,11277.6736364,0.243181818182,0.659845454545,0.104336363636,0.159245454545,0.0134636363636,0.00812727272727,0.0454545454545,0.104727272727,0.1194,0.629445454545,0.251154545455,0.0662454545455,0.0773059701493,98.0,0.14225,0.0275,0.0768,0.114,0.1058,0.1398,0.16875,0.129,0.1968,0.211,0.05175,0.146571428571,0.1652,0.123,370.534543981,3.14577822264,78.2631491147,9.05602821668,0.0953266128071,0.0953266128071,0.0,19.5419556255,0.0,0.0,14.6802983723,0.762612902457,0.381306451229,4.38502418913,0.0,462.238745502,22.8783870737,20.2092419151,767.82,1,1.122215,1.164422,0.8915755,1.76848874598,622.0,633,77910.0
7,CA,Del Norte,28610,3,7023.0,0.258870125237,7,2.0,1.0,4,3,0.428571428571,5,2,9907,3818.0,7406,0.000767972131604,0.000872382851446,0.253,0.081,0.177,128.0,0.497,0.821,862.76,3163.44,4745.17,0.172,0.789,0.0504,0.0365,0.1001,0.0104,0.0659,0.0835,0.1382,0.6385,0.2232,0.0599,0.09992,14.0,0.138,0.0,0.076,0.107,0.123,0.145,0.166,0.0,0.196,0.233,0.0,0.153,0.169,0.122,160.782943027,0.0,3.49528137015,3.49528137015,0.0,0.0,0.0,55.9245019224,0.0,0.0,0.0,0.0,0.0,0.0,0.0,167.773505767,55.9245019224,0.0,1604.28,1,0.9964433,1.130546,0.8153738,-21.4285714286,14.0,11,7023.0
8,CA,El Dorado,181058,3,10937.0,0.103226661543,42,2.0,1.0,20,22,0.0714285714286,6,3,70223,1643.0,18690,0.00486010130038,0.00523429710867,0.197,0.068,0.144,234.0,0.1444,0.934,4133.862,3867.794,14090.942,0.1149,0.91686,0.00988,0.03392,0.02644,0.00376,0.03318,0.04386,0.14238,0.63546,0.22212,0.05016,0.0865671641791,28.0,0.128,0.0,0.0785,0.1035,0.114,0.158,0.165,0.0,0.196,0.201,0.0465,0.145,0.169,0.112,134.211136763,0.552309204785,8.83694727656,2.20923681914,0.0,0.0,0.0,29.8246970584,0.0,0.0,12.7031117101,0.552309204785,0.0,1.10461840957,0.0,146.361939268,30.3770062632,14.3600393244,1066.12,1,1.032918,1.089488,0.8770728,-15.9663865546,119.0,100,10937.0
9,CA,Fresno,930450,31,167641.0,0.106664223911,199,26.0,5.0,170,29,0.155778894472,119,44,289391,17523.0,99246,0.0249758710189,0.0248005982054,0.292,0.091,0.201,5439.0,0.494285714286,0.729,4179.92071429,3755.86214286,16305.3842857,0.594907142857,0.693207142857,0.0504428571429,0.0777142857143,0.0214,0.00215,0.0314071428571,0.188707142857,0.0859357142857,0.59815,0.315921428571,0.0915928571429,0.11708650519,126.0,0.138,0.031,0.09025,0.1254,0.1305,0.164,0.1742,0.146666666667,0.2015,0.230666666667,0.043,0.150125,0.173,0.136333333333,640.120371863,5.9111182761,85.7649524424,11.069912408,0.0,0.0,0.0,59.111182761,0.0,0.214949755495,15.2614326401,0.859799021979,0.644849266484,2.0420226772,0.0,738.997259391,65.2372507926,18.8081036058,635.82,1,0.9964433,1.130546,0.8153738,6.09981515712,541.0,574,167641.0
10,CA,Glenn,28122,3,20729.0,0.273476998017,6,3.0,0.0,3,3,0.5,4,2,9800,316.0,7691,0.000754872851624,0.000747756729811,0.266,0.071,0.182,119.0,0.384,0.723,2855.69333333,1529.54666667,0.0,0.441033333333,0.751833333333,0.00956666666667,0.0246666666667,0.0314333333333,0.000766666666667,0.0271666666667,0.209233333333,0.119366666667,0.591433333333,0.289166666667,0.0886,0.101454545455,14.0,0.0,0.0,0.0,0.115,0.114,0.0,0.0,0.0,0.0,0.213,0.0,0.153,0.162,0.0,163.573003343,3.55593485527,24.8915439869,0.0,0.0,0.0,0.0,3.55593485527,0.0,0.0,10.6678045658,0.0,0.0,0.0,0.0,188.464547329,7.11186971055,10.6678045658,965.46,1,0.9964433,1.130546,0.8153738,-27.7777777778,18.0,13,20729.0
11,CA,Humboldt,134623,8,32519.0,0.16789028472,30,6.0,2.0,16,14,0.266666666667,21,5,56031,5014.0,22602,0.00361365649329,0.00373878364905,0.263,0.078,0.169,293.0,0.2298,0.909,1607.54,2103.22,960.04,0.07462,0.80452,0.01208,0.03314,0.15498,0.00722,0.04576,0.03688,0.13368,0.64714,0.2192,0.05924,0.0853827160494,56.0,0.146,0.0,0.0976666666667,0.132666666667,0.122666666667,0.158333333333,0.161,0.0,0.200666666667,0.202666666667,0.041,0.147666666667,0.150666666667,0.121666666667,259.24247714,0.742815120745,23.0272687431,1.48563024149,0.0,0.0,0.0,43.0832770032,0.0,0.0,8.17096632819,0.742815120745,0.0,0.742815120745,0.0,284.498191245,43.8260921239,9.65659656968,1385.34,1,0.9964433,1.130546,0.8153738,3.33333333333,90.0,93,32519.0
12,CA,Imperial,174528,9,58963.0,0.18467529403,31,6.0,3.0,20,11,0.290322580645,25,11,49126,10684.0,32231,0.00468481790229,0.00386340977069,0.233,0.075,0.232,1032.0,0.4034,0.629,2924.672,10969.084,1751.112,0.69738,0.67028,0.04174,0.01838,0.1169,0.0024,0.02924,0.18022,0.11558,0.5827,0.30174,0.09178,0.179081395349,28.0,0.152,0.0,0.0745,0.1125,0.1245,0.1255,0.17,0.0,0.216,0.223,0.0495,0.157,0.1805,0.1215,376.443894389,13.7513751375,14.3243491016,0.0,0.0,0.0,0.0,5.15676567657,0.0,0.572973964063,25.2108544188,0.572973964063,0.572973964063,0.0,0.0,390.768243491,19.4811147781,26.3568023469,511.2,0,0.9964433,1.130546,0.8153738,2.0,100.0,102,58963.0
13,CA,Inyo,18546,1,3378.0,0.150096682254,6,0.0,1.0,2,4,0.166666666667,1,0,8049,433.0,2784,0.000497826324807,0.000747756729811,0.237,0.074,0.15,53.0,0.267666666667,0.81668627451,1300.65,1514.96666667,4286.33333333,0.185233333333,0.783333333333,0.00906666666667,0.0151333333333,0.106866666667,0.0026,0.0191,0.1034,0.1925,0.591833333333,0.215633333333,0.0559666666667,0.0672068965517,28.0,0.0,0.0,0.077,0.127,0.138,0.0,0.0,0.0,0.21,0.212,0.045,0.145,0.168,0.0,177.93594306,5.39199827456,16.1759948237,0.0,0.0,0.0,0.0,43.1359861965,0.0,0.0,5.39199827456,0.0,0.0,0.0,0.0,194.111937884,48.527984471,5.39199827456,1077.22,1,0.9964433,1.130546,0.8153738,6.25,16.0,17,3378.0
14,CA,Kern,839631,21,134333.0,0.101992125559,151,17.0,4.0,131,20,0.139072847682,92,32,254610,36757.0,85636,0.0225380359605,0.0188185443669,0.276,0.082,0.223,5411.0,0.492866666667,0.71,3453.89466667,4181.90466667,11117.2,0.450353333333,0.751206666667,0.0495333333333,0.0377133333333,0.0252933333333,0.0029,0.0361533333333,0.171813333333,0.09942,0.608913333333,0.29168,0.08146,0.118895582329,126.0,0.14725,0.0333333333333,0.086,0.111142857143,0.127142857143,0.1445,0.17325,0.153333333333,0.209142857143,0.228285714286,0.049,0.158777777778,0.176714285714,0.13375,627.775772929,4.16849782821,115.52693981,12.2672936087,0.0,0.0,0.119099937949,44.7815766688,0.0,0.119099937949,11.1953941672,0.357299813847,0.714599627694,5.00219739386,0.0,760.572203742,49.1882743729,17.2694910026,664.3,1,0.9964433,1.130546,0.8153738,7.64705882353,510.0,549,134333.0
15,CA,Kings,152982,7,36855.0,0.128601378627,27,7.0,0.0,23,4,0.259259259259,16,5,41233,21580.0,19674,0.00410646321695,0.00336490528415,0.24,0.084,0.202,784.0,0.632,0.695,1812.96666667,8659.86333333,22562.1666667,0.634566666667,0.711933333333,0.0758333333333,0.0300666666667,0.0217666666667,0.00153333333333,0.0280666666667,0.188533333333,0.0635,0.657533333333,0.279,0.0854,0.125211267606,28.0,0.159,0.0,0.098,0.125,0.136,0.163,0.182,0.0,0.222,0.25,0.046,0.161,0.148,0.128,324.221150201,2.61468669517,14.3807768234,9.15140343308,0.0,0.0,0.0,16.9954635186,0.0,0.0,3.92203004275,0.653671673792,0.0,3.26835836896,0.0,351.021688826,19.6101502138,7.8440600855,685.7,1,0.9964433,1.130546,0.8153738,16.0,75.0,87,36855.0
16,CA,Lake,64665,0,0.0,0.226172523301,15,0.0,0.0,5,10,0.0,9,2,26548,1085.0,14625,0.00173578881126,0.00186939182453,0.262,0.08,0.189,218.0,0.358,0.873,3110.756,5344.048,8516.6,0.1534,0.89514,0.02554,0.02046,0.04448,0.00536,0.03344,0.04536,0.17522,0.6055,0.21928,0.05402,0.11346,28.0,0.156,0.0,0.0755,0.1155,0.104,0.138,0.0,0.0,0.1925,0.2195,0.054,0.1585,0.165,0.118,267.532668368,3.09286321812,43.3000850537,1.54643160906,0.0,0.0,0.0,7.73215804531,0.0,0.0,6.18572643625,0.0,0.0,4.63929482719,0.0,317.018479858,10.8250212634,10.8250212634,1829.16,1,1.122215,1.164422,0.8915755,8.57142857143,35.0,38,
17,CA,Lassen,34895,2,5603.0,0.227161998896,9,0.0,2.0,2,7,0.222222222222,4,0,10058,9779.0,7927,0.000936679046918,0.00112163509472,0.253,0.078,0.169,86.0,0.33,0.793,1645.4875,1598.45,0.0,0.199325,0.712375,0.093825,0.018875,0.036025,0.0082,0.019625,0.1511,0.110625,0.73695,0.15245,0.032175,0.0976129032258,14.0,0.0,0.0,0.084,0.112,0.117,0.0,0.0,0.0,0.201,0.206,0.0,0.146,0.172,0.0,203.467545494,0.0,0.0,2.86574007737,0.0,0.0,0.0,2.86574007737,0.0,0.0,0.0,0.0,0.0,0.0,0.0,206.333285571,2.86574007737,0.0,1213.62,1,0.9964433,1.130546,0.8153738,0.0,15.0,15,5603.0
18,CA,Los Angeles,9818605,65,283107.0,0.017967920654,2334,65.0,0.0,2293,41,0.0278491859469,1137,210,3241204,171681.0,176420,0.263558721119,0.290877367896,0.212,0.078,0.181,30912.0,0.263632653061,0.759,3190.98131313,3496.45808081,22955.9669697,0.465351515152,0.545477777778,0.0963323232323,0.141304040404,0.012002020202,0.00434646464646,0.0315949494949,0.234583838384,0.104801010101,0.64218989899,0.25301010101,0.0671383838384,0.0864274114972,1134.0,0.133586206897,0.03076,0.0685322580645,0.0973134328358,0.10047761194,0.133339285714,0.172781818182,0.1504,0.199142857143,0.226268656716,0.0467272727273,0.155067567568,0.170455882353,0.132982142857,485.629068488,7.35338675912,102.071526454,22.0601602774,0.0407389848151,0.0814779696301,0.203694924075,14.2077209542,0.0,0.203694924075,12.2624344293,0.16295593926,0.356466117132,16.8353854748,0.0,626.596140694,22.090714516,29.6172419605,419.64,0,1.019708,1.102873,0.8553471,6.49477351916,7175.0,7641,283107.0
19,CA,Madera,150865,2,20085.0,0.21315076554,23,2.0,0.0,10,13,0.0869565217391,16,3,43317,8624.0,32157,0.0040496370372,0.00286640079761,0.295,0.088,0.185,845.0,0.397,0.678,1547.38666667,2216.70333333,0.0,0.394033333333,0.837233333333,0.0501333333333,0.0205333333333,0.0432666666667,0.0027,0.0492333333333,0.0967333333333,0.126566666667,0.623733333333,0.249666666667,0.0679,0.122758064516,14.0,0.15,0.0,0.103,0.148,0.155,0.17,0.181,0.0,0.207,0.225,0.048,0.155,0.163,0.138,465.316673847,1.98853279422,55.0160739734,7.29128691214,0.0,0.0,0.0,79.5413117688,0.0,0.0,11.2683525006,0.66284426474,0.0,0.0,0.0,527.624034733,81.529844563,11.9311967653,668.3,1,0.9964433,1.130546,0.8153738,13.2352941176,68.0,77,20085.0
20,CA,Marin,252409,1,5625.0,0.0372854967073,55,1.0,0.0,48,7,0.0181818181818,4,3,103210,9044.0,9411,0.00677536098448,0.00685443668993,0.15,0.046,0.104,196.0,0.086,0.919,1273.585,1685.625,1748.775,0.1326,0.846525,0.032825,0.06505,0.00815,0.005,0.030575,0.0755,0.15855,0.63845,0.202975,0.0557,0.0577543859649,42.0,0.117,0.026,0.0765,0.126,0.11,0.147,0.161,0.156,0.192,0.2245,0.05,0.154333333333,0.1605,0.12,241.275073393,4.35800625176,26.1480375105,11.0931068227,0.0,0.0,0.0,139.06001767,0.0,0.0,12.6778363688,2.77327670566,0.0,3.56564147871,0.0,282.081859205,143.418023921,19.0167545531,696.46,1,1.122215,1.164422,0.8915755,7.86516853933,178.0,192,5625.0
21,CA,Mariposa,18251,0,0.0,0.282523627164,6,0.0,0.0,0,6,0.0,2,1,7693,725.0,5156,0.000489907702688,0.000747756729811,0.234,0.071,0.187,39.0,0.1275,0.81668627451,934.89,2133.335,0.0,0.1201,0.8702,0.0324,0.0481,0.0503,0.002,0.03085,0.0278,0.1233,0.7337,0.143,0.0265,0.107565217391,14.0,0.0,0.0,0.079,0.0,0.115,0.0,0.0,0.0,0.195,0.0,0.0,0.153,0.167,0.0,109.583036546,0.0,5.4791518273,5.4791518273,0.0,0.0,0.0,54.791518273,0.0,0.0,0.0,0.0,0.0,0.0,0.0,120.541340201,54.791518273,0.0,1106.68,1,0.9964433,1.130546,0.8153738,-36.3636363636,11.0,7,
22,CA,Mendocino,87841,5,21705.0,0.25582653191,20,2.0,3.0,8,12,0.25,12,2,34945,2044.0,22472,0.00235789723915,0.0024925224327,0.246,0.066,0.18,271.0,0.361,0.841,1441.09166667,1315.06166667,3038.00666667,0.188583333333,0.845083333333,0.011325,0.025875,0.0894833333333,0.00224166666667,0.03185,0.0585333333333,0.151225,0.632591666667,0.2162,0.055425,0.08575,42.0,0.148,0.0,0.0803333333333,0.136666666667,0.12,0.159333333333,0.0,0.0,0.195333333333,0.214,0.049,0.145333333333,0.157333333333,0.126,295.989344384,0.0,17.0763083298,1.13842055532,0.0,0.0,0.0,30.7373549937,0.0,0.0,14.7994672192,1.13842055532,0.0,0.0,0.0,314.204073269,30.7373549937,15.9378877745,1363.34,1,1.122215,1.164422,0.8915755,-16.9230769231,65.0,54,21705.0
23,CA,Merced,255793,10,56432.0,0.158033079121,49,10.0,0.0,36,13,0.204081632653,34,14,75642,4896.0,40424,0.00686619697516,0.00610667996012,0.311,0.082,0.189,1415.0,0.4245,0.669,2258.94333333,5483.35,19784.7783333,0.588933333333,0.65705,0.0389833333333,0.0781833333333,0.0182666666667,0.00396666666667,0.0271166666667,0.23255,0.0866833333333,0.592366666667,0.320966666667,0.0882166666667,0.135834782609,28.0,0.156,0.0,0.085,0.132,0.1275,0.16,0.161,0.0,0.216,0.2225,0.042,0.154,0.174,0.115,388.986406978,2.34564667524,29.7115245531,7.42788113826,0.0,0.0,0.0,51.2132857428,0.0,0.0,12.1191744887,0.78188222508,0.39094111254,2.73658778778,0.0,428.862400457,53.558932418,16.0285856141,658.96,1,0.9964433,1.130546,0.8153738,7.5,120.0,129,56432.0
24,CA,Modoc,9686,3,6168.0,0.351603535349,4,0.0,3.0,1,3,0.75,4,1,4064,357.0,3406,0.00025999923337,0.00049850448654,0.248,0.068,0.188,10.0,0.161,0.81668627451,336.333333333,718.286666667,0.0,0.1458,0.901333333333,0.00606666666667,0.0146333333333,0.0474,0.00543333333333,0.0161666666667,0.0413666666667,0.203233333333,0.575833333333,0.220966666667,0.0632666666667,0.119818181818,28.0,0.0,0.0,0.0,0.0,0.132,0.0,0.0,0.0,0.0,0.0,0.0,0.15,0.0,0.0,10.3241792278,0.0,0.0,0.0,0.0,0.0,0.0,0.0,0.0,0.0,0.0,0.0,0.0,0.0,0.0,10.3241792278,0.0,0.0,1321.18,1,0.9964433,1.130546,0.8153738,16.6666666667,6.0,7,6168.0
25,CA,Mono,14202,0,0.0,0.135750158263,3,0.0,0.0,1,2,0.0,0,1,5768,222.0,1928,0.000381221258757,0.000373878364905,0.205,0.066,0.127,23.0,0.179,0.81668627451,1908.64,1007.75,0.0,0.23225,0.84875,0.0117,0.0026,0.06695,0.00905,0.0236,0.08735,0.08505,0.70325,0.2117,0.06785,0.0627222222222,14.0,0.0,0.0,0.0,0.0,0.0,0.0,0.0,0.0,0.0,0.0,0.05,0.153,0.0,0.0,211.237853823,0.0,14.0825235882,0.0,0.0,0.0,0.0,126.742712294,0.0,0.0,7.04126179411,0.0,0.0,0.0,0.0,225.320377412,126.742712294,7.04126179411,420.4,0,1.032918,1.089488,0.8770728,0.0,19.0,19,
26,CA,Monterey,415057,7,34378.0,0.0609473257061,93,6.0,1.0,77,16,0.0752688172043,36,9,125946,18702.0,25297,0.0111412865791,0.0115902293121,0.227,0.07,0.154,2128.0,0.35925,0.708,2363.035,4363.465,4488.01875,0.4719875,0.7830125,0.0301125,0.05675,0.022975,0.0111625,0.0337125,0.1369125,0.097925,0.646125,0.2559375,0.074225,0.0973473684211,56.0,0.128,0.0295,0.072,0.11475,0.13,0.135666666667,0.1585,0.144,0.2095,0.20275,0.0475,0.14575,0.161,0.123,343.567269074,5.05954603825,19.5153918618,5.54140756571,0.0,0.0,0.0,31.8028608119,0.0,0.0,12.7693304775,0.481861527453,0.0,3.13209992844,0.0,371.75616843,36.8624068501,16.3832919334,586.22,0,0.9964433,1.130546,0.8153738,9.38775510204,245.0,268,34378.0
27,CA,Napa,136484,0,0.0,0.0487249610762,40,0.0,0.0,31,9,0.0,11,2,48876,4918.0,6650,0.0036636109196,0.0049850448654,0.234,0.063,0.137,301.0,0.223,0.825,1643.25,2423.21333333,3442.78666667,0.28405,0.838016666667,0.0224666666667,0.0801833333333,0.0179,0.00515,0.02595,0.0637,0.157,0.624216666667,0.218783333333,0.0586333333333,0.0670547945205,28.0,0.146,0.0325,0.0685,0.107,0.1115,0.147,0.169,0.159,0.2075,0.226,0.0515,0.142,0.161,0.125,194.894639665,4.39611969169,20.5152252279,5.12880630697,0.0,0.0,0.0,18.317165382,0.0,0.732686615281,9.52492599865,2.19805984584,0.0,2.19805984584,0.0,222.736731045,23.445971689,13.9210456903,800.72,1,1.122215,1.164422,0.8915755,22.8571428571,70.0,86,
28,CA,Nevada,98764,3,16935.0,0.153103196883,20,3.0,0.0,10,10,0.15,4,3,41527,1175.0,15121,0.00265110099985,0.0024925224327,0.18,0.055,0.124,138.0,0.169,0.949,1547.345,1400.7,3945.9,0.1017,0.9448,0.0064,0.01675,0.0232,0.00295,0.02205,0.02915,0.1388,0.64855,0.21265,0.0538,0.0783902439024,28.0,0.132,0.0,0.072,0.1135,0.0985,0.153,0.17,0.0,0.209,0.209,0.0505,0.1535,0.1675,0.126,144.789599449,0.0,7.08760277024,2.02502936293,0.0,0.0,0.0,23.2878376736,0.0,0.0,16.2002349034,1.01251468146,0.0,1.01251468146,0.0,154.914746264,23.2878376736,18.2252642663,1040.18,1,1.032918,1.089488,0.8770728,18.8679245283,53.0,63,16935.0
29,CA,Orange,3010232,6,26194.0,0.0125936764556,582,6.0,0.0,579,3,0.0103092783505,113,45,992781,39236.0,37910,0.0808030159267,0.0725324027916,0.203,0.073,0.16,6635.0,0.19137037037,0.831,1906.12296296,1496.55296296,23790.9596296,0.324066666667,0.647337037037,0.0207111111111,0.19057037037,0.00925925925926,0.00549259259259,0.0278259259259,0.156348148148,0.115281481481,0.636692592593,0.248014814815,0.0654333333333,0.0669711846318,322.0,0.135375,0.028,0.0732352941176,0.112352941176,0.109105263158,0.1376875,0.167294117647,0.144888888889,0.203823529412,0.218944444444,0.0466666666667,0.148818181818,0.167473684211,0.129125,267.853108996,7.44128691742,37.7711751121,9.30160864678,0.0664400617627,0.0664400617627,0.0,16.5767954098,0.0,0.298980277932,13.0222521055,0.431860401457,0.166100154407,4.0860637984,0.0,319.011956554,24.4499427287,17.7062764598,509.28,0,1.019708,1.102873,0.8553471,8.21484992101,2532.0,2740,26194.0
30,CA,Placer,348432,6,25433.0,0.0705247070223,84,6.0,0.0,69,15,0.0714285714286,9,5,132627,3807.0,24573,0.00935288590559,0.0104685942173,0.226,0.062,0.139,427.0,0.125666666667,0.932,3089.46666667,2401.11333333,8716.76833333,0.124716666667,0.903916666667,0.0134333333333,0.0481,0.0205,0.00493333333333,0.0292666666667,0.0400166666667,0.147516666667,0.631683333333,0.220833333333,0.0526166666667,0.073095890411,42.0,0.143,0.0,0.0745,0.119,0.0975,0.1545,0.1525,0.0,0.1865,0.1895,0.047,0.142333333333,0.167,0.112,172.774027644,0.86100013776,18.3680029389,2.58300041328,0.28700004592,0.0,0.0,22.9600036736,0.0,0.0,15.2110024338,0.57400009184,0.0,1.4350002296,0.0,195.160031226,24.1080038573,17.2200027552,896.8,1,1.032918,1.089488,0.8770728,2.7397260274,292.0,300,25433.0
31,CA,Plumas,20007,1,4760.0,0.159271006143,7,0.0,1.0,0,7,0.142857142857,3,0,8977,277.0,3187,0.000537043636386,0.000872382851446,0.225,0.069,0.162,37.0,0.25,0.907,802.772,1665.05,1308.4,0.07256,0.94064,0.00866,0.01006,0.04666,0.0007,0.02186,0.01878,0.20708,0.62002,0.17286,0.03448,0.1085,42.0,0.0,0.0,0.0,0.114,0.108333333333,0.0,0.0,0.0,0.0,0.2235,0.0,0.151666666667,0.169333333333,0.0,274.903783676,0.0,14.9947518369,4.99825061229,0.0,0.0,0.0,9.99650122457,0.0,0.0,4.99825061229,4.99825061229,0.0,0.0,0.0,294.896786125,9.99650122457,9.99650122457,1351.18,1,1.032918,1.089488,0.8770728,-31.25,16.0,11,4760.0
32,CA,Riverside,2189641,54,282522.0,0.0929446167653,453,53.0,1.0,404,49,0.119205298013,185,39,686260,35829.0,203515,0.0587760666277,0.0564556331007,0.269,0.091,0.201,7848.0,0.313130434783,0.788,4160.25043478,3227.71,24776.9208696,0.442295652174,0.687717391304,0.0732260869565,0.0582391304348,0.0193391304348,0.00524347826087,0.0361347826087,0.194504347826,0.123847826087,0.604330434783,0.271804347826,0.0721,0.110154362416,224.0,0.145666666667,0.03525,0.0816923076923,0.111916666667,0.120333333333,0.152833333333,0.169333333333,0.148,0.200785714286,0.225076923077,0.0465454545455,0.1545625,0.170266666667,0.132416666667,323.934380111,3.33387984606,35.3025906987,9.45360449498,0.182678347729,0.0,0.0456695869323,21.3276970974,0.0,0.0,9.36226532112,0.182678347729,0.0913391738646,8.54021275634,0.0,377.230788061,24.8899248781,18.1764955991,583.28,0,1.019708,1.102873,0.8553471,9.35534591195,1272.0,1391,282522.0
33,CA,Sacramento,1418788,25,115362.0,0.0495628864875,317,25.0,0.0,304,13,0.0788643533123,135,56,513945,23787.0,70319,0.0380842238607,0.0395064805583,0.274,0.09,0.183,4300.0,0.2565,0.849,3564.5525,2410.42,7192.84,0.21050625,0.64881875,0.1077125,0.1666875,0.02285,0.01283125,0.0517,0.09756875,0.1200375,0.6237375,0.2562125,0.06880625,0.0993961352657,126.0,0.141714285714,0.02375,0.0796666666667,0.1115,0.114857142857,0.15225,0.172285714286,0.12875,0.208,0.224625,0.0433333333333,0.15425,0.166142857143,0.12625,594.944417348,4.58137508916,133.14180836,12.6868848623,0.0,0.0,0.0,12.3344713939,0.0,0.0704826936794,9.37419825936,0.704826936794,0.0704826936794,6.69585589954,0.0,747.46896647,16.9863291767,16.8453637894,853.64,1,1.032918,1.089488,0.8770728,0.3,1000.0,1003,115362.0
34,CA,San Benito,55269,2,8030.0,0.0806165636629,11,2.0,0.0,8,3,0.181818181818,7,0,16805,289.0,4456,0.00148357398608,0.00137088733799,0.24,0.073,0.151,150.0,0.217,0.747,2724.6,3027.33,18164.0,0.5475,0.7317,0.0152,0.0453,0.0278,0.0054,0.0537,0.2336,0.0941,0.6088,0.297,0.0765,0.113282051282,14.0,0.134,0.0,0.072,0.113,0.142,0.151,0.176,0.0,0.208,0.222,0.052,0.154,0.17,0.114,320.251859089,1.80933253723,16.283992835,7.23733014891,0.0,0.0,0.0,12.6653277606,0.0,0.0,23.521322984,0.0,0.0,5.42799761168,0.0,349.201179685,14.4746602978,28.9493205956,636.38,1,0.9964433,1.130546,0.8153738,-25.0,32.0,24,8030.0
35,CA,San Bernardino,2035210,64,356923.0,0.105424458783,368,59.0,5.0,332,36,0.173913043478,182,50,611618,40054.0,214561,0.0546307082126,0.0458624127617,0.279,0.087,0.206,9279.0,0.39172,0.777,3403.11961538,3020.20961538,16879.3811538,0.363507692308,0.720296153846,0.0816538461538,0.05555,0.0262961538462,0.0059,0.0374961538462,0.150488461538,0.102588461538,0.62175,0.275665384615,0.0792961538462,0.109194174757,266.0,0.1365,0.0275,0.0744285714286,0.113866666667,0.1175,0.138181818182,0.171875,0.1515,0.201142857143,0.225,0.047625,0.1495625,0.166933333333,0.130363636364,426.737290009,2.948098722,56.013875718,9.4830508891,0.0491349787,0.0491349787,0.0,8.9425661234,0.0,0.0982699574,10.2692105483,0.4422148083,0.1474049361,2.948098722,0.0,495.182315338,12.0872047602,13.8069290147,608.56,1,1.019708,1.102873,0.8553471,5.45182972367,1339.0,1412,356923.0
36,CA,San Diego,3095313,22,99389.0,0.0335306859694,627,20.0,2.0,598,29,0.0350877192982,221,47,1086865,101966.0,103788,0.0830868270742,0.0781405782652,0.229,0.075,0.162,8267.0,0.2395,0.851,2684.88447368,3058.97210526,9507.45210526,0.290702631579,0.767368421053,0.0545368421053,0.104707894737,0.0291236842105,0.00827105263158,0.0412421052632,0.0798052631579,0.119144736842,0.644471052632,0.236381578947,0.0644868421053,0.0784487179487,238.0,0.136428571429,0.032,0.0753333333333,0.1126875,0.107875,0.143428571429,0.163785714286,0.151,0.195,0.2153125,0.0481428571429,0.1483125,0.16675,0.1285,496.331065711,7.17213412666,65.356879902,0.0,0.0646138209609,0.161534552402,0.0,36.8298779477,0.0,0.290762194324,16.8965141813,0.613831299129,0.419989836246,14.7319511791,0.0,576.419896792,44.5189226421,32.6622864957,526.14,0,1.032918,1.089488,0.8770728,7.13983945923,2367.0,2536,99389.0
37,CA,San Francisco,805235,10,30772.0,0.0204551443052,195,10.0,0.0,194,1,0.0512820512821,72,23,345811,24264.0,16471,0.0216147514642,0.0243020937188,0.16,0.07,0.16,636.0,0.133857142857,0.855,1529.67,1864.685,6327.0925,0.1427875,0.5365375,0.072675,0.363925,0.0123875,0.007275,0.035325,0.04575,0.138625,0.7233625,0.1380125,0.0445125,0.0741079812207,154.0,0.144142857143,0.0315,0.0717142857143,0.113222222222,0.1107,0.14575,0.177,0.1565,0.205142857143,0.229777777778,0.0448333333333,0.150111111111,0.1741,0.12725,571.26180556,12.1703602054,240.55089508,55.5117450185,0.0,0.24837469807,0.0,17.5104162139,0.124187349035,0.0,20.7392872888,0.620936745174,0.124187349035,79.8524654293,0.0,947.176911088,30.0533384664,101.336876812,514.08,0,1.122215,1.164422,0.8915755,17.5202156334,742.0,872,30772.0
38,CA,San Joaquin,685306,7,32078.0,0.0688868426149,139,7.0,0.0,121,18,0.0503597122302,69,15,215007,14354.0,47209,0.0183955228808,0.0173230309073,0.306,0.094,0.213,2821.0,0.2676,0.757,6386.294,3908.676,9806.932,0.33998,0.68502,0.07294,0.14775,0.0229,0.00799,0.05193,0.12045,0.10957,0.60407,0.28637,0.07349,0.124027149321,98.0,0.146166666667,0.052,0.09,0.1205,0.129333333333,0.164333333333,0.1652,0.145,0.2075,0.2325,0.0474,0.156571428571,0.169333333333,0.130166666667,536.110876017,6.71232996647,103.457433614,13.7165003663,0.0,0.0,0.0,12.2572981996,0.0,0.0,16.7808249162,1.89696281661,0.0,6.42048953314,0.0,659.70529953,18.9696281661,25.0982772659,791.36,1,1.032918,1.089488,0.8770728,-8.57787810384,443.0,405,32078.0
39,CA,San Luis Obispo,269637,2,6347.0,0.0928636897392,53,2.0,0.0,40,13,0.0377358490566,13,8,102016,17006.0,25039,0.00723780851623,0.00660518444666,0.198,0.06,0.141,483.0,0.1926,0.884,2089.598,1819.378,16119.71,0.19216,0.87626,0.02488,0.03978,0.0216,0.00306,0.03148,0.06722,0.15134,0.65522,0.19346,0.05072,0.0757983193277,42.0,0.153666666667,0.027,0.0936666666667,0.116666666667,0.107666666667,0.149,0.1585,0.147,0.194333333333,0.208333333333,0.046,0.145666666667,0.166,0.123333333333,249.594825636,1.48347593246,11.4969384765,7.04651067917,0.0,0.0,0.0,137.592392735,0.0,0.741737966229,12.6095454259,2.5960828818,2.96695186491,0.0,0.0,268.138274792,139.817606634,18.1725801726,822.56,1,0.9964433,1.130546,0.8153738,-5.57939914163,233.0,220,6347.0
40,CA,San Mateo,718451,3,14557.0,0.0165964992223,156,3.0,0.0,151,5,0.0192307692308,25,10,257837,8853.0,11924,0.0192852270508,0.0194416749751,0.197,0.066,0.152,955.0,0.143555555556,0.883,2356.471,1494.647,6160.407,0.24799,0.6891,0.03174,0.21076,0.00957,0.01675,0.03889,0.08506,0.12816,0.64633,0.22548,0.06348,0.06066875,98.0,0.134,0.0326666666667,0.082,0.106,0.110666666667,0.149,0.158333333333,0.141333333333,0.192666666667,0.208,0.0436666666667,0.148571428571,0.164333333333,0.1255,273.783459136,8.21211189072,29.3687391346,7.37698186794,0.0,0.0,0.0,26.584972392,0.0,0.0,19.2079905241,1.11350669705,0.695941685654,4.73240346245,0.0,315.261583601,34.7970842827,25.7498423692,492.12,0,1.122215,1.164422,0.8915755,7.28744939271,494.0,530,14557.0
41,CA,Santa Barbara,423895,3,7978.0,0.0475390643166,89,2.0,1.0,76,13,0.0337078651685,34,9,142104,17782.0,20152,0.0113785231292,0.0110917248255,0.192,0.064,0.149,1493.0,0.278875,0.798,3307.525,2134.91375,11549.8725,0.426375,0.7969875,0.0197625,0.0504875,0.023325,0.0030375,0.0328,0.1415625,0.129125,0.6337625,0.2371125,0.0669125,0.0725,70.0,0.138,0.0325,0.093,0.1184,0.1206,0.166333333333,0.1675,0.1395,0.193666666667,0.2054,0.043,0.1442,0.159,0.109666666667,335.696339895,7.07722431262,15.5698934878,3.30270467922,0.0,0.0,0.0,15.5698934878,0.0,0.0,12.7390037627,0.471814954175,0.0,1.17953738544,0.0,355.748475448,22.6471178004,14.3903561023,659.16,1,0.9964433,1.130546,0.8153738,10.5442176871,294.0,325,7978.0
42,CA,Santa Clara,1781642,14,75876.0,0.017256069216,372,14.0,0.0,363,9,0.0376344086022,123,34,604204,30350.0,30744,0.0478242364381,0.0463609172483,0.208,0.076,0.162,3150.0,0.1820625,0.862,3736.345,1229.455625,19500.59,0.2691,0.5393,0.03209375,0.32931875,0.01200625,0.0066375,0.038725,0.1219125,0.1065125,0.6513625,0.24211875,0.0720125,0.0742777777778,154.0,0.141444444444,0.033,0.073,0.11575,0.105625,0.150333333333,0.175,0.1478,0.202571428571,0.218,0.0493333333333,0.151888888889,0.171375,0.126666666667,317.403833093,10.8327037643,33.5645432696,7.91404782779,0.0,0.280639993893,0.0561279987787,26.8291834162,0.0,0.0561279987787,17.9048316104,0.673535985344,0.224511995115,6.28633586321,0.0,365.168760054,38.0547831719,25.0892154541,438.88,0,1.122215,1.164422,0.8915755,9.87460815047,1276.0,1402,75876.0
43,CA,Santa Cruz,262382,4,19996.0,0.0775394869635,52,4.0,0.0,45,7,0.0769230769231,17,4,94355,10969.0,20345,0.00704306409768,0.00648055832502,0.198,0.059,0.11,674.0,0.26475,0.846,2040.94166667,6807.125,5418.99166667,0.269716666667,0.894533333333,0.0194166666667,0.0456,0.01685,0.00281666666667,0.0352666666667,0.0661166666667,0.0982333333333,0.691116666667,0.216166666667,0.0554333333333,0.0927155172414,42.0,0.147,0.027,0.082,0.135,0.1235,0.1405,0.1575,0.146,0.2085,0.205,0.0473333333333,0.140666666667,0.161,0.116,290.035139606,3.81123705132,17.9128141412,3.43011334619,0.0,0.0,0.0,33.1577623465,0.0,0.381123705132,11.8148348591,1.52449482053,1.52449482053,4.95460816672,0.0,316.33267526,37.350123103,19.8184326669,784.92,1,0.9964433,1.130546,0.8153738,22.5806451613,155.0,190,19996.0
44,CA,Shasta,177223,9,38131.0,0.159961901476,48,8.0,1.0,27,21,0.1875,26,11,70346,2654.0,28349,0.00475715921284,0.00598205383848,0.28,0.075,0.19,513.0,0.31575,0.879,2932.99875,2214.99375,590.25625,0.06435,0.9215125,0.0125625,0.0285625,0.0569125,0.004025,0.0420375,0.0218625,0.1842375,0.6130125,0.20275,0.0467625,0.109352941176,56.0,0.1385,0.029,0.0843333333333,0.13,0.129666666667,0.166,0.178,0.154,0.200333333333,0.205,0.0495,0.147,0.168,0.122,234.732512146,1.12852169301,20.3133904741,2.25704338602,0.0,0.0,0.0,18.0563470881,0.0,0.0,10.7209560836,0.564260846504,0.0,0.564260846504,0.0,257.867206852,19.1848687811,11.8494777766,1382.94,1,0.9964433,1.130546,0.8153738,-12.7516778523,149.0,130,38131.0
45,CA,Sierra,3240,0,0.0,0.237163370206,1,0.0,0.0,0,1,0.0,0,0,1482,33.0,768,8.69706293742e-05,0.000124626121635,0.228,0.069,0.174,0.0,0.0,0.81668627451,0.0,1122.0,0.0,0.0784,0.9335,0.0125,0.0015,0.0053,0.0,0.0062,0.0535,0.2014,0.6257,0.1729,0.0425,0.110266666667,0.0,0.0,0.0,0.0,0.0,0.0,0.0,0.0,0.0,0.0,0.0,0.0,0.0,0.0,0.0,92.5925925926,0.0,0.0,0.0,0.0,0.0,0.0,0.0,0.0,0.0,0.0,30.8641975309,0.0,0.0,0.0,92.5925925926,0.0,30.8641975309,1393.0,1,1.032918,1.089488,0.8770728,-50.0,2.0,1,
46,CA,Siskiyou,44900,5,12609.0,0.300041847337,14,1.0,4.0,3,11,0.357142857143,12,3,19505,474.0,13472,0.00120524112929,0.00174476570289,0.228,0.067,0.183,103.0,0.3842,0.893,1362.985,1632.0525,1029.75,0.137175,0.911275,0.024475,0.0249125,0.0791875,0.00415,0.065125,0.026675,0.186925,0.602525,0.210525,0.0496625,0.125833333333,28.0,0.0,0.0,0.079,0.1325,0.139,0.17,0.0,0.0,0.201,0.2065,0.043,0.1475,0.1575,0.124,162.583518931,0.0,13.3630289532,2.2271714922,0.0,0.0,0.0,22.271714922,0.0,0.0,6.68151447661,4.45434298441,2.2271714922,0.0,0.0,178.173719376,22.271714922,13.3630289532,1254.24,1,0.9964433,1.130546,0.8153738,-3.44827586207,29.0,28,12609.0
47,CA,Solano,413344,7,23110.0,0.0536795480961,96,7.0,0.0,89,7,0.0729166666667,29,10,141758,12452.0,22188,0.0110953048852,0.011964107677,0.267,0.098,0.204,1042.0,0.191666666667,0.859,1363.385,1551.835,6620.29,0.235583333333,0.647766666667,0.125516666667,0.14385,0.0235666666667,0.0130166666667,0.0624333333333,0.11625,0.135316666667,0.616416666667,0.248266666667,0.0636333333333,0.0907159763314,56.0,0.1435,0.031,0.072,0.116333333333,0.1165,0.146,0.17,0.146,0.207,0.225333333333,0.0545,0.15025,0.1775,0.125,502.970891074,4.83858481071,105.723078114,7.49980645661,0.241929240536,0.0,0.0,9.67716962143,0.0,0.0,10.402957343,0.967716962143,0.0,3.14508012696,0.241929240536,619.338855771,14.7576836727,14.7576836727,858.0,1,1.122215,1.164422,0.8915755,-3.78006872852,291.0,280,23110.0
48,CA,Sonoma,483878,7,49170.0,0.065585056184,99,7.0,0.0,77,22,0.0707070707071,21,15,185825,10043.0,31735,0.0129886340125,0.0123379860419,0.221,0.059,0.134,912.0,0.160222222222,0.864,3668.28222222,2715.57444444,9794.70777778,0.215888888889,0.859366666667,0.0132666666667,0.0336,0.0215888888889,0.0046,0.0263777777778,0.0960222222222,0.147677777778,0.637444444444,0.214888888889,0.0543555555556,0.0735879120879,84.0,0.137666666667,0.0295,0.0878,0.1248,0.1278,0.1524,0.154333333333,0.138,0.1914,0.1962,0.0408,0.140833333333,0.1602,0.1208,243.863122523,1.85997296839,20.046375326,0.0,0.0,0.0,0.0,50.8392611361,0.0,0.619990989464,13.0198107788,1.23998197893,0.206663663155,2.89329128417,0.0,266.802789133,53.3192250939,17.359747705,915.2,1,1.122215,1.164422,0.8915755,-6.875,320.0,298,49170.0
49,CA,Stanislaus,514453,12,61925.0,0.0826166702702,94,12.0,0.0,82,12,0.127659574468,48,22,165180,6305.0,42502,0.0138093522202,0.0117148554337,0.305,0.081,0.204,2157.0,0.344,0.751,1496.31555556,6917.54555556,13225.9144444,0.423422222222,0.791133333333,0.0322222222222,0.0561555555556,0.0211666666667,0.00864444444444,0.0372555555556,0.130122222222,0.101977777778,0.602822222222,0.2952,0.0796222222222,0.131335294118,70.0,0.134333333333,0.0293333333333,0.09025,0.121,0.122,0.155666666667,0.167,0.145,0.214,0.22975,0.0512,0.1506,0.173,0.12,362.71535009,3.11009946487,32.4616631646,5.83143649663,0.0,0.0,0.194381216554,30.9066134321,0.0,0.0,22.3538399037,1.36066851588,0.0,7.19210501251,0.0,408.200554764,34.2110941136,30.9066134321,1064.76,1,1.032918,1.089488,0.8770728,4.67289719626,321.0,336,61925.0
50,CA,Sutter,94737,5,24610.0,0.149905677306,21,4.0,1.0,16,5,0.238095238095,9,4,31437,1060.0,14202,0.00254300509723,0.00261714855434,0.257,0.079,0.205,301.0,0.258,0.779,426.343333333,2106.16333333,2066.12666667,0.289633333333,0.743766666667,0.0160333333333,0.111233333333,0.0393666666667,0.00896666666667,0.0535333333333,0.1376,0.1351,0.594833333333,0.270066666667,0.0701333333333,0.13087037037,14.0,0.0,0.0,0.0,0.0,0.0,0.0,0.0,0.0,0.0,0.0,0.053,0.156,0.0,0.0,251.221803519,3.1666613889,31.666613889,7.38887657409,0.0,0.0,0.0,5.2777689815,0.0,0.0,9.49998416669,2.1111075926,0.0,2.1111075926,0.0,292.388401575,8.44443037039,13.7221993519,1009.14,1,1.032918,1.089488,0.8770728,-3.57142857143,56.0,54,24610.0
51,CA,Tehama,63463,5,29778.0,0.266278577898,11,3.0,2.0,4,7,0.454545454545,9,3,23767,842.0,16899,0.00170352378147,0.00137088733799,0.259,0.076,0.16,247.0,0.34025,0.816,1426.52,1893.385,0.0,0.17795,0.8759,0.016925,0.01435,0.04425,0.001875,0.042425,0.089975,0.1788,0.58175,0.239475,0.06415,0.109485714286,14.0,0.0,0.0,0.088,0.134,0.116,0.138,0.0,0.0,0.186,0.188,0.043,0.15,0.162,0.121,263.145454832,0.0,4.72716385926,3.15144257284,0.0,0.0,0.0,15.7572128642,0.0,0.0,17.3329341506,3.15144257284,0.0,0.0,0.0,271.024061264,15.7572128642,20.4843767234,1452.9,1,0.9964433,1.130546,0.8153738,19.3548387097,31.0,37,29778.0
52,CA,Trinity,13786,2,3256.0,0.37732758292,5,0.0,2.0,0,5,0.4,5,0,6083,385.0,5202,0.00037005465943,0.000623130608175,0.246,0.072,0.193,27.0,0.2945,0.81668627451,482.0625,1636.375,0.0,0.054675,0.938825,0.005175,0.017075,0.085625,0.013775,0.06615,0.01195,0.183375,0.641175,0.17545,0.0353,0.151642857143,14.0,0.0,0.0,0.0,0.115,0.108,0.0,0.0,0.0,0.0,0.217,0.0,0.159,0.18,0.0,116.059770782,0.0,7.25373567387,7.25373567387,0.0,0.0,0.0,0.0,0.0,0.0,0.0,0.0,7.25373567387,0.0,0.0,130.56724213,0.0,7.25373567387,1419.62,1,0.9964433,1.130546,0.8153738,0.0,12.0,12,3256.0
53,CA,Tulare,442179,14,72691.0,0.186701318435,78,12.0,2.0,59,19,0.179487179487,53,18,130352,4772.0,82555,0.0118693166438,0.00972083748754,0.293,0.076,0.218,3007.0,0.489666666667,0.673,2632.07333333,3605.89,15290.8744444,0.572611111111,0.802166666667,0.0123444444444,0.0310222222222,0.0371222222222,0.00235555555556,0.0301777777778,0.146588888889,0.115444444444,0.579611111111,0.304955555556,0.0874333333333,0.131441176471,42.0,0.151,0.026,0.100666666667,0.139,0.159,0.179333333333,0.171,0.138,0.211333333333,0.219333333333,0.0435,0.152666666667,0.149,0.132,357.773661798,5.87997168567,20.3537481427,4.97536065711,0.226152757141,0.0,0.0,52.0151341425,0.0,0.0,14.0214709428,1.35691654285,0.0,4.07074962854,0.0,387.173520226,58.1212585853,19.4491371142,717.46,1,0.9964433,1.130546,0.8153738,20.8556149733,187.0,226,72691.0
54,CA,Tuolumne,55365,0,0.0,0.199741937795,11,0.0,0.0,4,7,0.0,3,2,22156,4482.0,11059,0.00148615089361,0.00137088733799,0.226,0.062,0.179,65.0,0.1595,0.883,981.29,1307.6525,11554.0,0.13155,0.86155,0.0534,0.0181,0.0347,0.003975,0.04415,0.0755,0.199925,0.6533,0.146725,0.0353,0.108777777778,14.0,0.154,0.0,0.093,0.117,0.102,0.159,0.166,0.0,0.184,0.185,0.045,0.148,0.158,0.119,187.844305969,0.0,7.22478099883,3.61239049941,0.0,0.0,1.80619524971,57.7982479906,0.0,0.0,1.80619524971,1.80619524971,0.0,0.0,0.0,198.681477468,59.6044432403,3.61239049941,1450.74,1,1.032918,1.089488,0.8770728,-15.1515151515,33.0,28,
55,CA,Ventura,823318,14,68132.0,0.0463505309391,173,13.0,1.0,153,20,0.0809248554913,56,10,266920,10600.0,38161,0.0221001495787,0.0215603190429,0.216,0.067,0.168,2493.0,0.234444444444,0.823,2459.73555556,2014.43555556,30620.74,0.371855555556,0.7348,0.0223,0.0735444444444,0.0217666666667,0.00323333333333,0.0373888888889,0.183711111111,0.1171,0.624566666667,0.258322222222,0.0675555555556,0.0750452961672,98.0,0.131833333333,0.0306666666667,0.0787142857143,0.1135,0.111571428571,0.144,0.1662,0.145666666667,0.202285714286,0.207166666667,0.048,0.145714285714,0.167142857143,0.122833333333,276.806774539,4.00817181211,20.6481578199,4.7369303234,0.0,0.0,0.364379255646,45.1830277001,0.0,0.0,14.5751702258,0.364379255646,0.364379255646,3.4008730527,0.0,305.592735735,49.5555787679,18.7048017898,606.62,1,0.9964433,1.130546,0.8153738,5.77933450088,571.0,604,68132.0
56,CA,Yolo,200849,1,5922.0,0.0506463294101,41,1.0,0.0,37,4,0.0243902439024,15,7,70872,6709.0,10172,0.00539134689481,0.00510967098704,0.229,0.075,0.152,471.0,0.226666666667,0.838,1728.45333333,1270.06666667,5293.82666667,0.372416666667,0.72655,0.0275,0.0962333333333,0.02135,0.00645,0.0436166666667,0.16925,0.102166666667,0.6482,0.249633333333,0.0697166666667,0.0944897959184,28.0,0.155,0.0,0.0985,0.1375,0.1375,0.1615,0.0,0.0,0.2025,0.2195,0.049,0.153,0.1715,0.123,287.778380774,3.98309177541,26.885869484,2.98731883156,0.0,0.0,0.0,8.46407002275,0.0,0.0,9.95772943853,0.497886471927,0.0,0.995772943853,0.0,318.647342033,12.4471617982,11.4513888543,635.58,1,1.032918,1.089488,0.8770728,2.20588235294,136.0,139,5922.0
57,CA,Yuba,72155,4,19145.0,0.204145855728,14,4.0,0.0,8,6,0.285714285714,9,3,24307,1171.0,14730,0.00193684128472,0.00174476570289,0.302,0.077,0.224,328.0,0.306666666667,0.765,1538.0,4935.55666667,0.0,0.203966666667,0.830966666667,0.0277666666667,0.0716,0.0679333333333,0.0062,0.0813,0.0998,0.1347,0.605066666667,0.260266666667,0.0705666666667,0.146025,14.0,0.152,0.029,0.088,0.117,0.107,0.157,0.189,0.156,0.21,0.231,0.052,0.153,0.176,0.122,273.023352505,1.38590534267,19.4026747973,5.54362137066,0.0,0.0,0.0,4.157716028,0.0,0.0,20.78858014,1.38590534267,0.0,2.77181068533,0.0,300.741459358,5.54362137066,24.946296168,1181.44,1,1.032918,1.089488,0.8770728,14.2857142857,28.0,32,19145.0
